ts,price_now,market_now
2025-10-22T11:37:11.454403,0.0,0.0
2025-10-22T11:49:44.138781,0.0,0.0
2025-10-22T12:30:39.934321,0.0,0.0
2025-10-22T16:31:31.679120,0.0,0.0
2025-10-22T16:33:47.091284,0.0,0.0
2025-10-22T19:31:57.387185,0.0,0.0
2025-10-22T19:33:02.281618,5.785,5.785
2025-10-23T08:39:48.814502,5.79,5.79
2025-10-23T16:35:57.808627,5.79,5.79
2025-10-24T08:32:20.085339,0.0,0.0
2025-10-24T16:31:18.373301,5.67,5.67
2025-10-25T08:31:41.717719,64.805,64.805
2025-10-25T16:27:49.953424,5.72,5.72
2025-10-26T08:33:38.337141,5.6049999999999995,5.6049999999999995
2025-10-26T16:36:23.140137,0.0,0.0
2025-10-27T08:34:02.951056,5.5649999999999995,5.5649999999999995
2025-10-27T16:33:55.331676,5.5649999999999995,5.5649999999999995
2025-10-28T08:42:34.157380,64.805,64.805
2025-10-28T16:34:25.807393,0.0,0.0
2025-10-29T08:40:24.226915,64.805,64.805
2025-10-29T16:40:50.902461,64.805,64.805
2025-10-30T08:41:20.778503,64.805,64.805
2025-10-30T16:34:13.622979,5.26,5.26
2025-10-31T08:31:41.133487,0.0,0.0
2025-10-31T16:29:47.582984,0.0,0.0
2025-11-01T08:33:55.141435,4.875,4.875
2025-11-01T16:33:31.656646,4.875,4.875
2025-11-02T08:30:11.871933,0.0,0.0
2025-11-02T16:26:21.761608,66.215,66.215
2025-11-03T08:42:39.938338,66.215,66.215
2025-11-03T20:36:58.915121,0.0,0.0
2025-11-04T04:29:20.199677,4.8,4.8
2025-11-04T08:33:41.065827,0.0,0.0
2025-11-04T12:48:21.010006,0.0,0.0
2025-11-04T16:28:16.710222,0.0,0.0
2025-11-04T20:31:30.005237,66.515,66.515
2025-11-05T04:27:29.672409,4.715,4.715
2025-11-05T08:30:36.308704,0.0,0.0
2025-11-05T12:56:38.333791,0.0,0.0
2025-11-05T16:31:53.568174,0.0,0.0
2025-11-05T20:34:16.358549,66.515,66.515
2025-11-06T04:28:43.269071,0.0,0.0
2025-11-06T08:31:17.726769,0.0,0.0
2025-11-06T12:50:41.209620,4.285,4.285
2025-11-06T16:28:55.499116,66.515,66.515
2025-11-06T20:30:03.902303,4.285,4.285
2025-11-07T04:24:18.840483,0.0,0.0
2025-11-07T08:35:21.003459,66.515,66.515
2025-11-07T12:43:11.608147,0.0,0.0
2025-11-07T16:25:32.897113,4.305,4.305
2025-11-07T20:22:01.796420,4.305,4.305
2025-11-08T04:26:11.454132,4.305,4.305
2025-11-08T08:36:52.092329,66.515,66.515
2025-11-08T12:43:57.675222,66.515,66.515
2025-11-08T16:30:54.513058,0.0,0.0
2025-11-08T20:27:54.304876,5.41,5.41
2025-11-09T04:27:42.909502,66.515,66.515
2025-11-09T08:30:46.398320,5.545,5.545
2025-11-09T12:47:39.761219,0.0,0.0
2025-11-09T16:28:34.238526,66.515,66.515
2025-11-09T20:26:08.456143,5.545,5.545
2025-11-10T04:30:43.615894,5.545,5.545
2025-11-10T08:32:34.700141,5.654999999999999,5.654999999999999
2025-11-10T12:50:26.817327,66.515,66.515
2025-11-10T16:35:38.624721,5.654999999999999,5.654999999999999
2025-11-10T20:29:59.213420,5.654999999999999,5.654999999999999
2025-11-11T04:28:09.824931,5.654999999999999,5.654999999999999
2025-11-11T08:33:14.098529,5.55,5.55
2025-11-11T12:53:31.630729,66.515,66.515
2025-11-11T16:28:54.356570,0.0,0.0
2025-11-11T20:25:50.785174,0.0,0.0
2025-11-12T04:29:31.499670,5.55,5.55
2025-11-12T08:35:43.747321,66.515,66.515
2025-11-12T12:46:42.324329,66.515,66.515
2025-11-12T16:29:12.029728,0.0,0.0
2025-11-12T20:28:33.892844,5.565,5.565
2025-11-13T04:31:34.999060,66.515,66.515
2025-11-13T08:33:01.043526,5.585,5.585
2025-11-13T12:45:53.840200,0.0,0.0
2025-11-13T16:26:59.812430,0.0,0.0
2025-11-13T20:24:49.326724,5.585,5.585
2025-11-14T04:25:35.894326,5.585,5.585
2025-11-14T08:28:38.347923,0.0,0.0
2025-11-14T12:47:21.422560,5.6,5.6
2025-11-14T16:38:46.786116,66.515,66.515
2025-11-14T20:34:45.325766,66.515,66.515
2025-11-15T04:29:54.013483,5.6,5.6
2025-11-15T08:32:28.592095,66.515,66.515
2025-11-15T12:47:59.469468,66.515,66.515
2025-11-15T16:32:47.306874,5.605,5.605
2025-11-15T20:22:42.670643,5.605,5.605
2025-11-16T04:33:37.311647,66.515,66.515
2025-11-16T08:34:14.269231,66.515,66.515
2025-11-16T12:49:09.378512,66.515,66.515
2025-11-16T16:30:58.816777,0.0,0.0
2025-11-16T20:24:31.869930,5.61,5.61
2025-11-17T04:37:55.035930,0.0,0.0
2025-11-17T08:31:15.281866,66.515,66.515
2025-11-17T12:48:55.934109,0.0,0.0
2025-11-17T16:39:29.719501,0.0,0.0
2025-11-17T20:30:34.491761,5.545,5.545
2025-11-18T04:34:54.941721,5.545,5.545
2025-11-18T08:35:59.149672,5.465,5.465
2025-11-18T12:44:48.785205,0.0,0.0
2025-11-18T16:30:49.967542,0.0,0.0
2025-11-18T20:27:02.919685,0.0,0.0
2025-11-19T04:33:50.718517,67.02499999999999,67.02499999999999
2025-11-19T08:30:55.156241,0.0,0.0
2025-11-19T12:46:49.793894,5.4,5.4
2025-11-19T16:29:26.617401,0.0,0.0
2025-11-19T20:23:54.619387,5.4,5.4
2025-11-20T04:32:10.822447,67.02499999999999,67.02499999999999
2025-11-20T08:34:26.639131,5.415,5.415
2025-11-20T12:46:31.935424,0.0,0.0
2025-11-20T16:29:47.762426,0.0,0.0
2025-11-20T20:28:09.478696,0.0,0.0
2025-11-21T04:33:36.454998,0.0,0.0
2025-11-21T08:30:06.428897,0.0,0.0
2025-11-21T12:42:22.998910,0.0,0.0
2025-11-21T16:29:24.314613,0.0,0.0
2025-11-21T20:28:34.776691,5.4350000000000005,5.4350000000000005
2025-11-22T04:28:53.028544,5.4350000000000005,5.4350000000000005
2025-11-22T08:32:32.899267,67.02499999999999,67.02499999999999
2025-11-22T12:41:44.275527,5.455,5.455
2025-11-22T16:30:03.044311,67.02499999999999,67.02499999999999
2025-11-22T20:25:19.488503,5.455,5.455
2025-11-23T04:41:50.316391,67.02499999999999,67.02499999999999
2025-11-23T08:38:54.205667,0.0,0.0
2025-11-23T12:47:42.019537,67.02499999999999,67.02499999999999
2025-11-23T16:25:13.523406,0.0,0.0
2025-11-23T20:34:56.671408,0.0,0.0
2025-11-24T04:35:48.864980,5.375,5.375
2025-11-24T08:32:46.519448,5.345,5.345
2025-11-24T12:44:59.462494,0.0,0.0
2025-11-24T16:25:02.297577,0.0,0.0
2025-11-24T20:28:33.967779,5.345,5.345
2025-11-25T04:29:33.809150,0.0,0.0
2025-11-25T08:29:54.621393,0.0,0.0
2025-11-25T12:44:57.238632,0.0,0.0
2025-11-25T16:30:27.281812,0.0,0.0
2025-11-25T20:29:42.144013,5.25,5.25
2025-11-26T04:31:47.569493,5.25,5.25
2025-11-26T08:29:42.361359,0.0,0.0
2025-11-26T12:47:41.790533,0.0,0.0
2025-11-26T16:27:53.372048,0.0,0.0
2025-11-26T20:24:24.993221,0.0,0.0
2025-11-27T04:28:42.154834,5.18,5.18
2025-11-27T08:34:41.547314,0.0,0.0
2025-11-27T12:51:21.625799,67.02499999999999,67.02499999999999
2025-11-27T16:27:41.234202,0.0,0.0
2025-11-27T20:22:33.688035,0.0,0.0
2025-11-28T04:39:39.545587,0.0,0.0
2025-11-28T08:31:52.261019,0.0,0.0
2025-11-28T12:43:48.980506,0.0,0.0
2025-11-28T16:27:30.244587,0.0,0.0
2025-11-28T20:25:01.990175,5.055000000000001,5.055000000000001
2025-11-29T04:31:34.749469,0.0,0.0
2025-11-29T08:27:32.959709,0.0,0.0
2025-11-29T12:40:09.660622,0.0,0.0
2025-11-29T16:26:01.511845,0.0,0.0
2025-11-29T20:24:25.308487,0.0,0.0
2025-11-30T04:44:40.704605,0.0,0.0
2025-11-30T08:26:37.383122,0.0,0.0
2025-11-30T12:41:13.299801,0.0,0.0
2025-11-30T16:24:49.101998,0.0,0.0
2025-11-30T20:30:36.813112,0.0,0.0
2025-12-01T05:01:27.091930,67.675,67.675
2025-12-01T08:35:03.090662,0.0,0.0
2025-12-01T12:46:40.269576,0.0,0.0
2025-12-01T16:30:40.174617,0.0,0.0
2025-12-01T20:28:49.457317,0.0,0.0
2025-12-02T04:38:38.061768,67.38,67.38
2025-12-02T08:41:27.665310,0.0,0.0
2025-12-02T12:47:09.169275,0.0,0.0
2025-12-02T16:34:00.194081,0.0,0.0
2025-12-02T20:28:22.544960,0.0,0.0
2025-12-03T04:40:30.340409,67.38,67.38
2025-12-03T08:32:03.154122,0.0,0.0
2025-12-03T12:47:56.795516,0.0,0.0
2025-12-03T16:31:30.775806,0.0,0.0
2025-12-03T20:25:57.131194,0.0,0.0
2025-12-04T04:31:36.724221,0.0,0.0
2025-12-04T08:31:08.418508,0.0,0.0
2025-12-04T12:48:18.835268,0.0,0.0
2025-12-04T16:31:43.426039,0.0,0.0
2025-12-04T20:25:43.934805,0.0,0.0
2025-12-05T04:37:47.256269,0.0,0.0
2025-12-05T08:38:19.500316,0.0,0.0
2025-12-05T12:47:49.578674,4.81,4.81
2025-12-05T16:28:29.636577,0.0,0.0
2025-12-05T20:25:04.503888,0.0,0.0
2025-12-06T04:28:30.794764,4.81,4.81
2025-12-06T08:27:31.215536,0.0,0.0
2025-12-06T12:40:59.559371,0.0,0.0
2025-12-06T16:25:39.628522,0.0,0.0
2025-12-06T20:22:00.979496,0.0,0.0
2025-12-07T04:33:22.093520,0.0,0.0
2025-12-07T08:27:21.977549,0.0,0.0
2025-12-07T12:39:36.722205,0.0,0.0
2025-12-07T16:25:07.410419,0.0,0.0
2025-12-07T20:27:40.175342,0.0,0.0
2025-12-08T04:37:36.104792,4.685,4.685
2025-12-08T08:34:35.194074,0.0,0.0
2025-12-08T12:47:50.333269,0.0,0.0
2025-12-08T16:30:18.822800,0.0,0.0
2025-12-08T20:30:05.406144,4.779999999999999,4.779999999999999
2025-12-09T04:42:38.257640,0.0,0.0
2025-12-09T08:34:43.165943,4.895,4.895
2025-12-09T12:49:44.070250,67.755,67.755
2025-12-09T16:29:20.279730,0.0,0.0
2025-12-09T20:26:51.238755,4.895,4.895
2025-12-10T04:36:33.715936,0.0,0.0
2025-12-10T08:42:22.680771,0.0,0.0
2025-12-10T12:50:35.265155,0.0,0.0
2025-12-10T16:29:49.444570,0.0,0.0
2025-12-10T20:31:00.127494,4.819999999999999,4.819999999999999
2025-12-11T04:36:55.667603,0.0,0.0
2025-12-11T08:32:36.370412,4.9399999999999995,4.9399999999999995
2025-12-11T12:51:15.646841,0.0,0.0
2025-12-11T16:34:38.038920,0.0,0.0
2025-12-11T20:25:45.285165,0.0,0.0
2025-12-12T04:36:54.375416,4.9399999999999995,4.9399999999999995
2025-12-12T08:32:05.530251,0.0,0.0
2025-12-12T12:48:10.895881,0.0,0.0
2025-12-12T16:28:28.223125,0.0,0.0
2025-12-12T20:26:25.390925,0.0,0.0
2025-12-13T04:37:55.381698,5.025,5.025
2025-12-13T08:28:23.406425,0.0,0.0
2025-12-13T12:42:09.749271,68.775,68.775
2025-12-13T16:26:09.441131,0.0,0.0
2025-12-13T20:22:58.273448,0.0,0.0
2025-12-14T04:42:56.937336,68.775,68.775
2025-12-14T08:31:17.514186,0.0,0.0
2025-12-14T12:41:46.637729,0.0,0.0
2025-12-14T16:27:10.563775,0.0,0.0
2025-12-14T20:23:17.910122,5.04,5.04
2025-12-15T04:43:44.115269,5.04,5.04
2025-12-15T08:35:50.579445,0.0,0.0
2025-12-15T13:01:16.289661,0.0,0.0
2025-12-15T16:33:08.448635,0.0,0.0
2025-12-15T20:31:16.455670,5.005000000000001,5.005000000000001
2025-12-16T04:47:32.488152,68.775,68.775
2025-12-16T08:32:31.763773,0.0,0.0
2025-12-16T12:49:26.665717,0.0,0.0
2025-12-16T16:31:25.292311,0.0,0.0
2025-12-16T20:29:09.810914,4.984999999999999,4.984999999999999
2025-12-17T04:42:45.995542,0.0,0.0
2025-12-17T08:39:39.877260,4.98,4.98
2025-12-17T12:49:56.858982,0.0,0.0
2025-12-17T16:32:39.050538,68.775,68.775
2025-12-17T20:33:57.694312,68.775,68.775
2025-12-18T04:45:10.094385,68.775,68.775
2025-12-18T08:36:55.143456,4.915,4.915
2025-12-18T12:51:43.046160,68.775,68.775
2025-12-18T16:32:33.753477,4.915,4.915
2025-12-18T20:26:17.372478,0.0,0.0
2025-12-19T04:41:14.225392,68.775,68.775
2025-12-19T08:35:54.137841,4.91,4.91
2025-12-19T12:57:04.379356,68.775,68.775
2025-12-19T16:37:07.810506,4.91,4.91
2025-12-19T20:37:30.650503,68.775,68.775
2025-12-20T04:35:13.393595,4.91,4.91
2025-12-20T08:38:23.739723,0.0,0.0
2025-12-20T12:42:06.071561,0.0,0.0
2025-12-20T16:26:40.917481,4.82,4.82
2025-12-20T20:26:03.995212,4.82,4.82
2025-12-21T04:40:49.206762,4.82,4.82
2025-12-21T08:27:58.009791,4.685,4.685
2025-12-21T12:41:27.107964,0.0,0.0
2025-12-21T16:25:24.877728,0.0,0.0
2025-12-21T20:28:09.839528,69.615,69.615
2025-12-22T04:42:56.594863,4.685,4.685
2025-12-22T08:41:56.279641,0.0,0.0
2025-12-22T12:48:48.137076,71.775,71.775
2025-12-22T16:36:35.032909,0.0,0.0
2025-12-22T20:34:54.716703,0.0,0.0
2025-12-23T04:40:34.276069,71.775,71.775
2025-12-23T08:32:29.509618,0.0,0.0
2025-12-23T12:48:21.167820,0.0,0.0
2025-12-23T16:29:33.269828,0.0,0.0
2025-12-23T20:25:22.377731,0.0,0.0
2025-12-24T04:50:11.349720,0.0,0.0
2025-12-24T08:32:54.175154,0.0,0.0
2025-12-24T12:45:18.243232,0.0,0.0
2025-12-24T16:28:59.158601,0.0,0.0
2025-12-24T20:25:32.797999,0.0,0.0
2025-12-25T04:51:56.663790,0.0,0.0
2025-12-25T08:31:17.064220,0.0,0.0
2025-12-25T12:44:36.080987,0.0,0.0
2025-12-25T16:27:57.677756,0.0,0.0
2025-12-25T20:25:54.137117,0.0,0.0
2025-12-26T04:39:34.842713,0.0,0.0
2025-12-26T08:30:23.074222,0.0,0.0
2025-12-26T12:45:12.145873,4.475,4.475
2025-12-26T16:27:27.657615,0.0,0.0
2025-12-26T20:23:17.467921,0.0,0.0
2025-12-27T04:42:34.246666,4.475,4.475
2025-12-27T08:29:06.454816,0.0,0.0
2025-12-27T12:44:04.361643,0.0,0.0
2025-12-27T16:27:05.400001,0.0,0.0
2025-12-27T20:24:58.541724,72.23,72.23
2025-12-28T04:59:01.912873,0.0,0.0
2025-12-28T08:38:02.272135,0.0,0.0
2025-12-28T12:47:15.519994,0.0,0.0
2025-12-28T16:27:02.971509,0.0,0.0
2025-12-28T20:26:47.542778,4.675,4.675
2025-12-29T04:50:50.764358,0.0,0.0
2025-12-29T08:34:29.438724,0.0,0.0
2025-12-29T12:50:24.748528,0.0,0.0
2025-12-29T16:28:57.503452,0.0,0.0
2025-12-29T20:30:46.210499,4.75,4.75
2025-12-30T04:50:21.358012,0.0,0.0
2025-12-30T08:31:32.566350,0.0,0.0
2025-12-30T12:47:49.854483,0.0,0.0
2025-12-30T16:30:57.800605,0.0,0.0
2025-12-30T20:27:15.971352,4.75,4.75
2025-12-31T04:42:59.309165,4.75,4.75
2025-12-31T08:31:54.503745,0.0,0.0
2025-12-31T12:48:29.575888,0.0,0.0
2025-12-31T16:28:17.840812,0.0,0.0
2025-12-31T20:30:25.007348,0.0,0.0
2026-01-01T04:54:12.399515,4.755,4.755
2026-01-01T08:39:16.319942,0.0,0.0
2026-01-01T12:48:52.462669,0.0,0.0
2026-01-01T16:30:57.737063,0.0,0.0
2026-01-01T20:25:42.324631,0.0,0.0
2026-01-02T04:48:19.788557,4.74,4.74
2026-01-02T08:31:24.400878,0.0,0.0
2026-01-02T12:51:14.710115,71.44999999999999,71.44999999999999
2026-01-02T16:28:50.191962,0.0,0.0
2026-01-02T20:25:17.456838,0.0,0.0
2026-01-03T04:43:07.208634,71.44999999999999,71.44999999999999
2026-01-03T08:30:42.165999,0.0,0.0
2026-01-03T12:42:43.005227,0.0,0.0
2026-01-03T16:28:14.551956,71.44999999999999,71.44999999999999
2026-01-03T20:24:49.044629,0.0,0.0
2026-01-04T04:51:19.955523,0.0,0.0
2026-01-04T08:29:52.394370,0.0,0.0
2026-01-04T12:43:07.168790,0.0,0.0
2026-01-04T16:26:41.869983,0.0,0.0
2026-01-04T20:25:01.719213,0.0,0.0
2026-01-05T05:06:01.578721,4.76,4.76
2026-01-05T08:36:06.641037,4.77,4.77
2026-01-05T12:52:06.168056,0.0,0.0
2026-01-05T16:30:11.764516,0.0,0.0
2026-01-05T20:28:14.223434,0.0,0.0
2026-01-06T04:48:36.025805,4.77,4.77
2026-01-06T08:36:56.810919,0.0,0.0
2026-01-06T12:49:30.339772,0.0,0.0
2026-01-06T16:31:18.377458,0.0,0.0
2026-01-06T20:27:06.398458,0.0,0.0
2026-01-07T04:48:00.408804,71.44999999999999,71.44999999999999
2026-01-07T08:35:46.461461,0.0,0.0
2026-01-07T12:52:58.322223,0.0,0.0
2026-01-07T16:33:10.936217,0.0,0.0
2026-01-07T20:27:48.662726,0.0,0.0
2026-01-08T04:48:26.592181,71.44999999999999,71.44999999999999
2026-01-08T08:34:20.522621,0.0,0.0
2026-01-08T12:50:04.704386,0.0,0.0
2026-01-08T16:32:11.955368,0.0,0.0
2026-01-08T20:27:29.818663,0.0,0.0
2026-01-09T04:49:55.906011,4.835,4.835
2026-01-09T08:36:49.255393,0.0,0.0
2026-01-09T12:50:06.391979,0.0,0.0
2026-01-09T16:32:08.818498,71.99,71.99
2026-01-09T20:30:53.419753,0.0,0.0
2026-01-10T04:36:16.682786,4.825,4.825
2026-01-10T08:30:21.823950,0.0,0.0
2026-01-10T12:43:36.006514,4.86,4.86
2026-01-10T16:28:07.927868,0.0,0.0
2026-01-10T20:33:00.620288,4.86,4.86
2026-01-11T04:54:05.176809,4.86,4.86
2026-01-11T08:35:21.901458,4.8100000000000005,4.8100000000000005
2026-01-11T12:46:29.617326,0.0,0.0
2026-01-11T16:36:32.666489,72.58,72.58
2026-01-11T20:28:36.909770,72.58,72.58
2026-01-12T05:02:06.478703,72.58,72.58
2026-01-12T08:37:20.876896,73.24,73.24
2026-01-12T12:53:53.475420,4.875,4.875
2026-01-12T16:31:03.957522,0.0,0.0
2026-01-12T20:37:24.326057,73.24,73.24
2026-01-13T04:44:29.852019,0.0,0.0
2026-01-13T08:45:12.757386,0.0,0.0
2026-01-13T12:53:05.256417,0.0,0.0
2026-01-13T16:41:34.558020,4.855,4.855
2026-01-13T20:33:35.412220,73.24,73.24
2026-01-14T04:56:21.095410,0.0,0.0
2026-01-14T08:34:57.163161,0.0,0.0
2026-01-14T12:53:14.974191,4.865,4.865
2026-01-14T16:33:20.540215,0.0,0.0
2026-01-14T20:29:33.455018,4.865,4.865
2026-01-15T04:45:26.579826,4.865,4.865
2026-01-15T08:33:54.380791,0.0,0.0
2026-01-15T12:53:58.232403,0.0,0.0
2026-01-15T16:40:43.451577,4.86,4.86
2026-01-15T20:29:56.519021,4.86,4.86
2026-01-16T04:41:15.428419,4.86,4.86
2026-01-16T08:34:09.436271,4.755,4.755
2026-01-16T12:51:51.866383,4.755,4.755
2026-01-16T16:34:54.209783,4.755,4.755
2026-01-16T20:24:30.097784,4.755,4.755
2026-01-17T04:33:33.311469,4.755,4.755
2026-01-17T08:29:54.640660,4.7299999999999995,4.7299999999999995
2026-01-17T12:43:42.214456,4.7299999999999995,4.7299999999999995
2026-01-17T16:28:15.511717,4.7299999999999995,4.7299999999999995
2026-01-17T20:24:40.933592,4.7299999999999995,4.7299999999999995
2026-01-18T04:43:08.736687,4.7299999999999995,4.7299999999999995
2026-01-18T08:29:32.064765,4.62,4.62
2026-01-18T12:45:37.519752,4.62,4.62
2026-01-18T16:29:42.225397,4.62,4.62
2026-01-18T20:24:53.695008,4.62,4.62
2026-01-19T04:53:58.168783,4.62,4.62
2026-01-19T08:37:15.284774,4.425,4.425
2026-01-19T12:53:39.007510,4.425,4.425
2026-01-19T16:32:21.946099,4.425,4.425
2026-01-19T20:27:37.307420,4.425,4.425
2026-01-20T04:47:35.330136,4.425,4.425
2026-01-20T08:36:19.531120,4.24,4.24
2026-01-20T12:55:07.686481,4.24,4.24
2026-01-20T16:39:29.301058,4.24,4.24
2026-01-20T20:43:14.619070,4.24,4.24
2026-01-21T04:46:35.169431,4.24,4.24
2026-01-21T08:34:36.254918,4.0,4.0
2026-01-21T12:57:00.689279,4.0,4.0
2026-01-21T16:56:02.937649,4.0,4.0
2026-01-21T20:33:11.242550,4.0,4.0
2026-01-22T04:50:59.165995,4.0,4.0
2026-01-22T08:37:42.905974,4.140000000000001,4.140000000000001
2026-01-22T12:54:06.769056,4.140000000000001,4.140000000000001
2026-01-22T16:45:17.412082,0.0,0.0
2026-01-22T20:31:09.979050,4.140000000000001,4.140000000000001
2026-01-23T04:45:27.529960,4.140000000000001,4.140000000000001
2026-01-23T08:33:20.484635,4.05,4.05
2026-01-23T12:52:50.171712,0.0,0.0
2026-01-23T16:34:52.502611,4.05,4.05
2026-01-23T20:29:04.889643,4.05,4.05
2026-01-24T04:36:11.212527,4.05,4.05
2026-01-24T08:29:47.611363,4.06,4.06
2026-01-24T12:46:32.161511,4.06,4.06
2026-01-24T16:31:22.050217,4.06,4.06
2026-01-24T20:24:11.289728,4.06,4.06
2026-01-25T04:53:15.331102,4.06,4.06
2026-01-25T08:30:41.926538,4.025,4.025
2026-01-25T12:47:22.617113,4.025,4.025
2026-01-25T16:29:02.376052,4.025,4.025
2026-01-25T20:36:47.405111,0.0,0.0
2026-01-26T04:58:08.753849,4.025,4.025
2026-01-26T08:41:05.240876,4.16,4.16
2026-01-26T12:53:05.137837,4.16,4.16
2026-01-26T16:37:03.226488,0.0,0.0
2026-01-26T20:29:23.320589,0.0,0.0
2026-01-27T04:49:29.185156,0.0,0.0
2026-01-27T08:35:28.771240,0.0,0.0
2026-01-27T12:54:43.035074,0.0,0.0
2026-01-27T16:32:15.041891,0.0,0.0
2026-01-27T20:25:31.873014,0.0,0.0
2026-01-28T04:45:56.396610,0.0,0.0
2026-01-28T08:36:01.938943,0.0,0.0
2026-01-28T12:54:23.154501,0.0,0.0
2026-01-28T16:39:26.214772,0.0,0.0
2026-01-28T20:33:46.930911,0.0,0.0
2026-01-29T08:42:30.786480,0.0,0.0
2026-01-29T16:46:08.190895,0.0,0.0
2026-01-29T20:33:41.018188,0.0,0.0
2026-01-30T08:42:47.977022,0.0,0.0
2026-01-30T13:00:11.457125,0.0,0.0
2026-01-30T16:41:59.291846,0.0,0.0
2026-01-30T20:32:17.819561,0.0,0.0
2026-01-31T08:32:50.298332,0.0,0.0
2026-01-31T12:51:39.771760,0.0,0.0
2026-01-31T16:30:45.861318,0.0,0.0
2026-01-31T20:28:56.828479,0.0,0.0
2026-02-01T08:35:41.764267,0.0,0.0
2026-02-01T12:53:33.996323,0.0,0.0
2026-02-01T16:32:22.299001,0.0,0.0
2026-02-01T20:28:58.796312,0.0,0.0
2026-02-02T08:46:53.992647,0.0,0.0
2026-02-02T16:44:16.227091,0.0,0.0
2026-02-03T08:39:05.898156,111.72,111.72
2026-02-03T16:55:13.728075,0.0,0.0
2026-02-03T20:39:50.565361,0.0,0.0
2026-02-04T08:47:09.670174,4.19,4.19
2026-02-04T16:55:16.218052,4.19,4.19
2026-02-04T20:39:14.367036,0.0,0.0
2026-02-05T08:46:35.643815,0.0,0.0
2026-02-05T16:54:08.133756,0.0,0.0
2026-02-05T20:35:26.169557,4.035,4.035
2026-02-06T08:45:16.284394,0.0,0.0
2026-02-06T16:48:46.923707,4.05,4.05
2026-02-06T20:40:33.897245,4.05,4.05
2026-02-07T08:36:13.822552,3.97,3.97
2026-02-07T12:56:29.142324,3.97,3.97
2026-02-07T16:33:37.546809,3.97,3.97
2026-02-07T20:35:05.395477,3.97,3.97
2026-02-08T08:36:01.153922,4.029999999999999,4.029999999999999
2026-02-08T13:00:01.428539,4.029999999999999,4.029999999999999
2026-02-08T16:38:40.831589,4.029999999999999,4.029999999999999
2026-02-08T20:29:44.922638,113.195,113.195
2026-02-09T09:00:31.349890,3.96,3.96
2026-02-09T20:41:43.086202,3.96,3.96
2026-02-10T08:58:22.827561,3.885,3.885
2026-02-10T20:48:22.368654,3.885,3.885
2026-02-11T08:52:27.141614,3.835,3.835
2026-02-11T20:44:12.835486,3.835,3.835
2026-02-12T08:55:18.531733,3.8449999999999998,3.8449999999999998
2026-02-12T20:40:29.833001,3.8449999999999998,3.8449999999999998
2026-02-13T08:53:24.742496,114.80499999999999,114.80499999999999
2026-02-13T16:53:23.253905,4.01,4.01
2026-02-13T20:40:14.786757,4.01,4.01
2026-02-14T08:34:57.095718,0.0,0.0
2026-02-14T12:53:19.272476,0.0,0.0
2026-02-14T16:32:20.843157,0.0,0.0
2026-02-14T20:28:18.511151,0.0,0.0
2026-02-15T08:35:45.218656,0.0,0.0
2026-02-15T12:55:42.535515,0.0,0.0
2026-02-15T16:33:50.351474,0.0,0.0
2026-02-15T20:30:12.163280,0.0,0.0
2026-02-16T08:51:19.757724,0.0,0.0
2026-02-16T16:47:55.352253,0.0,0.0
2026-02-16T20:34:02.127741,0.0,0.0
2026-02-17T08:50:54.397586,0.0,0.0
2026-02-17T16:59:08.850088,0.0,0.0
2026-02-17T20:39:39.764859,0.0,0.0
2026-02-18T08:49:51.549298,0.0,0.0
2026-02-18T20:40:59.164549,0.0,0.0
2026-02-19T08:48:46.288387,0.0,0.0
2026-02-19T16:56:12.185501,0.0,0.0
2026-02-19T20:35:02.050523,0.0,0.0
2026-02-20T08:42:33.668099,0.0,0.0
2026-02-20T16:41:24.696203,0.0,0.0
2026-02-20T20:35:32.520803,0.0,0.0
2026-02-21T08:33:29.117012,0.0,0.0
2026-02-21T12:51:31.909549,0.0,0.0
2026-02-21T16:31:44.466384,0.0,0.0
2026-02-21T20:27:58.014207,0.0,0.0
2026-02-22T08:36:12.673542,0.0,0.0
2026-02-22T12:54:04.051249,0.0,0.0
2026-02-22T16:32:43.562027,0.0,0.0
2026-02-22T20:29:05.382849,0.0,0.0
2026-02-23T09:06:25.244839,0.0,0.0
2026-02-23T16:59:54.536947,0.0,0.0
2026-02-23T20:59:38.039402,0.0,0.0
2026-02-24T08:52:20.119034,0.0,0.0
2026-02-24T20:38:14.217710,0.0,0.0
2026-02-25T08:52:26.402463,0.0,0.0
2026-02-25T20:37:19.602133,0.0,0.0
2026-02-26T08:52:11.556370,0.0,0.0
2026-02-26T20:40:50.046770,0.0,0.0
2026-02-27T08:42:37.726635,0.0,0.0
2026-02-27T16:43:06.408854,0.0,0.0
2026-02-27T20:31:00.785029,0.0,0.0
2026-02-28T04:56:22.696806,0.0,0.0
2026-02-28T08:31:37.578771,0.0,0.0
2026-02-28T12:49:38.998113,0.0,0.0
2026-02-28T16:29:22.195530,0.0,0.0
2026-02-28T20:28:10.499735,0.0,0.0
2026-03-01T08:33:18.117528,0.0,0.0
2026-03-01T12:53:44.503077,0.0,0.0
2026-03-01T16:30:39.703451,0.0,0.0
2026-03-01T20:28:52.214381,0.0,0.0
2026-03-02T08:49:55.543605,0.0,0.0
2026-03-02T16:52:44.824530,0.0,0.0
2026-03-02T20:40:18.045383,0.0,0.0
2026-03-03T08:43:53.873308,0.0,0.0
2026-03-03T16:51:55.915633,0.0,0.0
2026-03-03T20:34:42.516010,0.0,0.0
2026-03-04T08:40:58.424395,0.0,0.0
2026-03-04T13:00:40.890421,0.0,0.0
2026-03-04T16:50:33.409613,0.0,0.0
2026-03-04T20:33:39.663028,0.0,0.0
2026-03-05T08:44:32.078163,0.0,0.0
2026-03-05T20:40:05.300125,0.0,0.0
2026-03-06T08:40:14.057376,0.0,0.0
2026-03-06T12:59:52.541309,0.0,0.0
2026-03-06T16:43:10.609171,0.0,0.0
2026-03-06T20:34:20.137406,0.0,0.0
2026-03-07T08:33:39.316718,4.765000000000001,4.765000000000001
2026-03-07T12:50:59.957453,0.0,0.0
2026-03-07T16:32:50.243535,0.0,0.0
2026-03-07T20:39:00.601876,0.0,0.0
2026-03-08T08:37:03.040640,0.0,0.0
2026-03-08T12:52:47.246684,0.0,0.0
2026-03-08T16:32:24.151088,0.0,0.0
2026-03-08T20:29:31.613897,0.0,0.0
2026-03-09T08:49:09.066699,0.0,0.0
2026-03-09T16:58:32.407748,0.0,0.0
2026-03-09T20:38:11.411610,0.0,0.0
2026-03-10T08:45:23.313422,0.0,0.0
2026-03-10T16:57:09.747550,0.0,0.0
2026-03-10T20:43:05.365799,115.34,115.34
2026-03-11T08:49:30.535324,0.0,0.0
2026-03-11T16:55:47.075443,0.0,0.0
2026-03-11T20:36:43.089836,0.0,0.0
2026-03-12T08:46:28.159338,0.0,0.0
2026-03-12T16:59:18.844467,0.0,0.0
2026-03-12T20:45:31.873200,0.0,0.0
2026-03-13T08:41:38.543632,115.34,115.34
2026-03-13T16:42:29.289462,0.0,0.0
2026-03-13T20:38:31.735173,0.0,0.0
2026-03-14T08:37:28.369333,0.0,0.0
2026-03-14T12:55:20.684268,0.0,0.0
2026-03-14T16:34:48.578146,0.0,0.0
2026-03-14T20:30:55.191688,0.0,0.0
2026-03-15T08:39:02.734889,115.34,115.34
2026-03-15T12:58:39.313729,0.0,0.0
2026-03-15T16:35:09.007939,4.82,4.82
2026-03-15T20:35:43.043312,0.0,0.0
2026-03-16T08:59:45.694430,0.0,0.0
2026-03-16T20:39:49.147288,0.0,0.0
2026-03-17T09:04:41.746835,116.36999999999999,116.36999999999999
2026-03-17T20:40:42.104054,4.825,4.825
2026-03-18T08:59:41.828711,4.9399999999999995,4.9399999999999995
2026-03-18T20:39:26.273331,4.9399999999999995,4.9399999999999995
2026-03-19T08:47:43.789262,5.03,5.03
2026-03-19T17:02:35.431110,5.03,5.03
2026-03-19T20:40:23.693836,5.03,5.03
2026-03-20T08:49:29.389212,116.36999999999999,116.36999999999999
2026-03-20T16:47:34.497704,5.125,5.125
2026-03-20T20:35:24.992217,5.125,5.125
2026-03-21T08:37:14.554142,5.13,5.13
2026-03-21T12:53:46.762544,5.13,5.13
2026-03-21T16:34:18.322927,5.13,5.13
2026-03-21T20:29:16.289248,5.13,5.13
2026-03-22T08:39:19.241882,5.145,5.145
2026-03-22T12:56:13.718324,116.36999999999999,116.36999999999999
2026-03-22T16:33:09.578130,0.0,0.0
2026-03-22T20:30:24.051713,5.145,5.145
2026-03-23T09:00:23.094156,5.2,5.2
2026-03-23T16:57:43.766484,5.2,5.2
2026-03-23T20:38:50.505538,5.2,5.2
2026-03-24T08:55:37.706383,0.0,0.0
2026-03-24T20:42:38.556944,5.3,5.3
2026-03-25T08:53:55.322106,5.4799999999999995,5.4799999999999995
2026-03-25T20:39:57.955088,5.4799999999999995,5.4799999999999995
2026-03-26T08:58:39.757376,5.455,5.455
2026-03-26T20:37:29.213194,5.455,5.455
2026-03-27T08:55:33.394527,5.470000000000001,5.470000000000001
2026-03-27T16:59:34.699857,5.470000000000001,5.470000000000001
2026-03-27T20:40:24.368327,5.470000000000001,5.470000000000001
2026-03-28T08:41:24.151801,5.585,5.585
2026-03-28T12:58:13.732923,5.585,5.585
2026-03-28T16:37:44.745881,5.585,5.585
2026-03-28T20:32:51.386084,5.585,5.585
2026-03-29T08:42:09.151108,5.34,5.34
2026-03-29T12:59:27.149367,5.34,5.34
2026-03-29T16:37:32.308326,5.34,5.34
2026-03-29T20:35:12.897917,5.34,5.34
2026-03-30T16:57:50.050504,5.345000000000001,5.345000000000001
2026-03-30T20:47:36.237882,5.345000000000001,5.345000000000001
2026-03-31T16:59:24.527647,5.28,5.28
2026-03-31T20:44:31.044388,5.28,5.28
2026-04-01T16:57:08.232520,5.3549999999999995,5.3549999999999995
2026-04-01T20:46:15.304092,5.3549999999999995,5.3549999999999995
2026-04-02T08:59:07.395740,5.405,5.405
2026-04-02T16:57:23.530391,5.405,5.405
2026-04-02T20:36:46.920337,5.405,5.405
2026-04-03T08:57:02.060353,5.195,5.195
2026-04-03T16:41:55.838010,5.195,5.195
2026-04-03T20:38:10.045760,5.195,5.195
2026-04-04T08:42:08.690451,5.194999999999999,5.194999999999999
2026-04-04T12:58:53.241763,5.194999999999999,5.194999999999999
2026-04-04T16:37:44.009612,5.194999999999999,5.194999999999999
2026-04-04T20:34:21.089498,5.194999999999999,5.194999999999999
2026-04-05T08:45:47.604547,5.255000000000001,5.255000000000001
2026-04-05T16:38:27.463799,5.255000000000001,5.255000000000001
2026-04-05T20:35:17.085333,5.255000000000001,5.255000000000001
2026-04-06T16:51:12.592507,5.325,5.325
2026-04-06T20:38:51.543906,5.325,5.325
2026-04-07T20:50:07.160233,5.29,5.29
2026-04-08T20:44:59.894338,5.355,5.355
2026-04-09T20:53:16.033007,5.359999999999999,5.359999999999999
2026-04-10T16:53:44.080190,5.57,5.57
2026-04-10T20:39:10.379445,5.57,5.57
2026-04-11T08:45:47.109222,5.4799999999999995,5.4799999999999995
2026-04-11T16:38:33.789986,5.4799999999999995,5.4799999999999995
2026-04-11T20:35:52.907460,5.4799999999999995,5.4799999999999995
2026-04-12T08:51:55.439816,5.569999999999999,5.569999999999999
2026-04-12T16:41:12.717248,5.569999999999999,5.569999999999999
2026-04-12T20:38:28.246241,5.569999999999999,5.569999999999999
2026-04-13T20:57:18.071015,5.734999999999999,5.734999999999999
2026-04-14T20:55:57.626206,5.595,5.595
2026-04-15T20:51:49.123332,5.65,5.65
2026-04-16T20:50:51.945717,5.470000000000001,5.470000000000001
2026-04-17T16:55:33.828121,5.4399999999999995,5.4399999999999995
2026-04-17T20:47:46.712622,5.4399999999999995,5.4399999999999995
2026-04-18T08:53:22.279115,5.6450000000000005,5.6450000000000005
2026-04-18T16:42:09.408130,5.6450000000000005,5.6450000000000005
2026-04-18T20:38:49.739342,5.6450000000000005,5.6450000000000005
2026-04-19T08:55:57.877316,5.75,5.75
2026-04-19T16:41:58.391514,5.75,5.75
2026-04-19T20:39:35.722953,5.75,5.75
2026-04-20T20:50:20.625710,5.93,5.93
2026-04-21T20:54:26.931339,6.05,6.05
2026-04-22T20:56:47.613430,6.05,6.05
2026-04-23T20:54:13.443666,6.07,6.07
2026-04-24T16:58:48.370400,6.175,6.175
2026-04-24T20:51:29.924177,6.175,6.175
2026-04-25T08:54:47.226718,6.319999999999999,6.319999999999999
2026-04-25T16:42:54.059827,6.319999999999999,6.319999999999999
2026-04-25T20:40:32.166575,6.319999999999999,6.319999999999999
2026-04-26T16:45:20.857706,6.485,6.485
2026-04-26T20:40:10.379535,6.485,6.485
2026-05-01T16:58:07.562319,6.305,6.305
2026-05-01T20:54:34.272754,6.305,6.305
2026-05-02T16:50:44.276605,6.51,6.51
2026-05-02T20:42:33.929897,6.51,6.51
2026-05-03T16:58:01.455324,6.3950000000000005,6.3950000000000005
2026-05-03T20:44:40.570458,6.3950000000000005,6.3950000000000005
2026-05-09T16:56:50.990801,6.74,6.74
2026-05-09T20:45:10.382686,6.74,6.74
2026-05-10T16:57:32.237836,6.9350000000000005,6.9350000000000005
2026-05-10T20:50:23.164706,6.9350000000000005,6.9350000000000005
2026-05-16T16:59:27.050287,6.92,6.92
2026-05-16T20:50:27.098016,6.92,6.92
2026-05-17T16:58:24.550267,7.08,7.08
2026-05-17T20:54:09.477030,7.08,7.08
2026-05-18T08:04:55.062749,7.135,7.135
2026-05-23T20:54:02.241874,7.470000000000001,7.470000000000001
2026-05-24T20:57:22.514684,7.415,7.415
2026-05-25T08:26:14.245034,7.295,7.295
2026-05-27T08:13:40.790462,7.390000000000001,7.390000000000001
2026-05-28T16:00:32.068252,0.0,0.0
2026-05-30T20:58:59.353425,7.62,7.62
2026-06-01T04:13:54.461264,7.755,7.755
2026-06-01T20:17:42.827128,8.07,8.07
2026-06-02T04:06:55.276619,8.07,8.07
2026-06-02T12:05:31.211230,8.07,8.07
2026-06-03T04:16:52.491692,8.07,8.07
