name,price_now,market_now,pct_24h,pct_7d,breakout
Mewtwo Base Set 1St Edition Holo,262.14,262.14,0.01171339804326419,0,False
Mew Vmax Alt Art Fusion Strike,8.855,8.855,0.0,0,False
Charizard V Alt Art Champion S Path Swsh,418.855,418.855,0.0,0,False
Charizard Base Set 1St Edition Holo,351.49,351.49,-0.060048937678000736,0,False
Venusaur Ex Special Illustration Sv 151,169.45999999999998,169.45999999999998,0.0,0,False
Rayquaza Vmax Alt Art Evolving Skies,7.91,7.91,0.0,0,False
Blastoise Ex Special Illustration Sv 151,89.785,89.785,0.016472319710177725,0,False
Latias Latios Gx Alt Art Team Up,100.795,100.795,-0.0008425852498016827,0,False
Rayquaza Gold Star Ex Deoxys,299.025,299.025,0.0,0,False
Aerodactyl V Alt Art Lost Origin,1.145,1.145,-0.008658008658008665,0,False
Sylveon Vmax Alt Art Evolving Skies,11.855,11.855,0.0,0,False
Charizard Ex Special Illustration Sv 151,418.855,418.855,0.0,0,False
Pikachu Van Gogh Promo,31.449999999999996,31.449999999999996,0.0,0,False
Lugia Neo Genesis 1St Edition Holo,1134.85,1134.85,6.057963803719137,0,False
Umbreon Vmax Alt Art Evolving Skies,16.87,16.87,0.0,0,False
Giratina V Alt Art Lost Origin,2.135,2.135,-0.018390804597701368,0,False
Lugia Full Art Ex Proxy Demand,246.64,246.64,0.0,0,False
Espeon Vmax Alt Art Fusion Strike,341.35,341.35,0.0,0,False
Gengar Vmax Alt Art Fusion Strike,25.845000000000002,25.845000000000002,0.0,0,False
Lugia V Alt Art Silver Tempest,10.18,10.18,-0.0034263338228096075,0,False
